"year","EW","AIA","ATG","ARG","ABW","BHS","BRB","BLZ","BMU","BOL","BRA","CYM","CHL","COL","CRI","CUB","DOM","ECU","SLV","GUF","GRD","GLP","GTM","GUY","HTI","HND","JAM","MTQ","MEX","MSR","NIC","PAN","PRY","PER","PRI","BLM","KNA","MAF","VCT","SUR","TTO","TCA","URY","VEN","VGB","VIR"
2014,1,0,0,38,0,0,0,75,0,0,4039,0,0,1822,257,0,234,267,373,0,0,0,320,0,0,155,5,0,942,0,354,0,673,330,70,0,0,0,0,0,0,0,0,1937,0,0
2014,2,0,0,38,0,0,0,104,0,0,4457,0,0,3671,184,0,154,71,373,0,0,0,320,0,0,150,9,0,967,0,372,0,668,392,114,0,0,0,0,0,0,0,0,2122,0,0
2014,3,0,0,47,0,0,0,98,0,0,5165,0,0,0,156,0,158,0,169,0,0,0,320,0,0,135,7,0,1269,0,387,0,660,530,87,0,0,0,0,0,0,0,0,2117,0,0
2014,4,0,0,47,0,0,0,70,0,810,5611,0,0,1372,189,0,190,241,226,0,0,0,320,0,0,132,6,0,1017,0,349,0,694,420,78,0,0,0,0,0,0,0,0,1838,0,0
2014,5,0,0,48,0,0,0,48,0,402,6244,0,0,146,152,0,162,0,196,0,0,0,320,0,0,121,3,0,917,0,369,0,654,374,97,0,0,0,0,0,0,0,0,1761,0,0
2014,6,0,0,34,0,0,0,52,0,0,7158,0,0,2847,145,0,139,0,214,0,0,0,320,0,0,151,5,0,896,0,306,0,502,429,73,0,0,0,0,0,0,0,0,1567,0,0
2014,7,0,0,51,0,0,0,59,0,1337,7844,0,0,763,132,0,124,0,251,0,0,0,320,0,0,174,6,0,1040,0,393,269,229,363,45,0,0,0,0,0,0,0,0,1325,0,0
2014,8,0,0,32,0,0,0,46,0,0,7397,0,0,978,96,0,101,0,250,961,0,0,320,0,0,208,3,0,1069,0,385,0,265,190,87,0,0,0,0,0,0,0,0,810,0,0
2014,9,0,0,30,0,0,0,50,0,1407,7704,0,0,964,75,0,135,0,0,0,0,0,320,0,0,231,7,0,989,0,392,0,372,192,0,0,0,0,0,0,0,0,0,794,0,0
2014,10,0,0,45,0,0,0,45,0,915,9368,0,0,1191,94,0,142,0,546,0,0,0,320,0,0,211,2,0,1053,0,446,0,249,0,73,0,0,0,0,0,0,0,0,1039,0,0
2014,11,0,0,44,0,0,0,36,0,749,10959,0,0,0,71,0,87,0,400,0,0,0,320,0,0,228,3,1505,795,0,440,0,138,0,70,0,0,0,0,0,0,0,0,898,0,0
2014,12,0,0,39,0,0,0,57,0,0,13730,0,0,1913,95,0,90,0,418,0,0,0,320,0,0,196,1,0,991,0,416,0,247,180,70,0,0,0,0,0,0,0,0,898,0,0
2014,13,0,0,45,0,0,0,53,0,649,16519,0,0,1330,90,0,167,0,461,0,0,0,320,0,0,239,0,0,907,0,391,0,0,214,85,0,0,0,0,0,0,0,0,849,0,0
2014,14,0,0,90,0,0,0,50,0,0,20852,0,0,0,77,0,96,0,394,0,0,0,320,0,0,172,2,0,1036,0,320,14,736,186,82,0,0,0,0,0,0,0,0,747,0,0
2014,15,0,0,84,0,0,0,45,0,4504,20701,0,0,2390,67,0,64,0,224,0,0,0,320,0,0,146,5,0,646,0,189,15,0,0,77,0,0,0,0,0,0,0,0,295,0,0
2014,16,0,0,83,0,0,0,61,0,0,22344,0,0,1368,87,0,98,0,318,0,0,0,320,0,0,215,3,0,860,0,370,0,298,0,67,0,0,0,0,0,0,0,0,654,0,0
2014,17,0,0,200,0,0,0,53,0,0,19110,0,0,893,103,0,83,0,402,0,0,0,320,0,0,222,3,0,834,0,349,4,264,0,99,0,0,0,0,0,0,0,0,1088,0,0
2014,18,0,0,0,0,0,0,37,0,530,17416,0,0,620,122,0,139,0,454,0,0,0,320,0,0,319,3,0,946,0,375,6,232,49,63,0,0,0,0,0,0,0,0,299,0,0
2014,19,0,0,0,0,8,0,43,0,488,16123,0,0,1862,97,0,121,0,581,0,0,0,320,0,0,333,0,0,1004,0,426,87,0,76,87,0,0,0,0,0,0,0,0,299,0,0
2014,20,0,0,0,0,0,0,50,0,4967,13292,0,0,328,149,0,151,0,562,0,0,0,320,0,0,359,3,0,1323,0,441,140,0,216,116,0,0,0,0,0,0,0,0,639,0,0
2014,21,0,0,4,0,0,0,37,0,0,10727,0,0,235,195,0,186,0,606,0,0,0,320,0,0,379,3,0,1478,0,316,132,0,0,62,0,0,0,0,0,0,0,0,690,0,0
2014,22,0,0,4,0,0,0,55,0,515,9180,0,0,2033,233,0,174,0,595,0,0,0,320,0,0,477,1,0,1459,0,473,8,0,0,82,0,0,0,0,0,35,0,0,876,0,0
2014,23,62,0,4,0,0,0,46,0,1830,7084,0,0,1095,255,0,148,0,796,0,0,0,320,0,0,569,2,0,1507,0,506,13,37,290,84,0,0,0,0,0,0,0,0,1014,0,0
2014,24,0,0,1,0,0,0,70,0,77,5675,0,0,1185,260,0,154,0,1130,0,0,0,320,0,0,738,3,0,1829,0,536,9,12,253,92,0,0,0,0,0,0,0,0,998,0,0
2014,25,0,0,8,0,0,0,78,0,0,4755,0,0,951,304,0,117,0,1323,0,0,0,320,0,0,866,3,0,1828,0,693,14,0,121,98,0,0,0,0,0,0,0,0,1058,0,0
2014,26,0,0,4,0,0,0,66,0,0,4039,0,0,1245,332,0,144,0,1236,0,0,0,320,0,0,1034,0,0,2102,0,984,12,21,94,39,0,0,0,0,0,0,0,0,1276,0,0
2014,27,0,0,4,0,0,0,74,0,628,3501,16,0,16,342,0,125,0,1075,0,0,0,320,0,0,1148,5,0,2317,0,839,7,148,164,328,0,0,0,0,0,0,0,0,1420,0,0
2014,28,0,0,4,0,0,0,100,0,0,3222,0,0,2227,387,0,97,0,887,0,0,0,320,0,0,1122,6,0,2092,0,1002,13,76,165,335,0,0,0,0,0,0,0,0,1506,0,0
2014,29,0,0,5,88,0,0,85,0,470,3148,0,0,1328,322,0,83,0,1069,0,0,0,320,0,0,1324,5,0,2198,0,762,18,102,36,328,0,0,0,0,0,0,0,0,1505,0,0
2014,30,0,0,4,0,0,0,83,0,112,2776,0,0,1108,355,0,87,0,1271,0,0,0,320,0,0,1215,5,0,1796,0,811,18,143,137,400,0,0,0,0,0,0,0,0,1558,0,0
2014,31,0,0,6,0,0,0,80,0,0,2692,0,0,974,370,0,84,0,890,0,8,0,320,0,0,1173,12,0,1819,7,568,0,93,0,204,0,49,0,0,0,0,0,0,1771,17,0
2014,32,0,0,10,0,0,0,83,0,0,2749,0,0,879,305,0,71,0,2026,0,0,0,320,0,0,1243,4,0,1845,0,1047,0,127,64,286,0,0,0,0,0,0,0,0,2001,0,0
2014,33,0,0,9,0,0,0,156,0,0,2857,0,0,1053,337,0,58,0,2073,0,0,0,320,0,0,1324,10,0,1914,0,760,64,87,255,311,0,0,0,0,0,0,0,0,2140,0,0
2014,34,0,0,10,0,0,0,145,0,0,2958,0,0,420,354,0,67,0,2108,0,0,0,320,0,0,1130,18,0,2380,0,1068,0,36,0,210,0,0,0,0,0,0,0,0,2245,0,0
2014,35,0,0,7,0,42,81,109,0,0,3404,0,0,719,384,0,80,0,2232,0,0,0,320,0,0,1169,16,0,0,0,703,0,0,0,211,0,0,0,0,0,0,0,0,2533,0,0
2014,36,0,0,7,0,0,0,103,0,518,3873,0,0,1076,297,0,85,0,1918,0,0,0,320,0,0,1023,13,0,5106,0,593,0,0,194,241,0,0,0,0,0,0,0,0,3082,0,0
2014,37,0,0,11,0,0,0,162,0,15,3792,0,0,1201,310,0,64,0,1738,0,0,0,320,0,0,991,36,0,1877,0,837,0,0,168,261,0,0,0,0,0,0,0,0,3038,0,0
2014,38,0,0,11,0,0,0,134,0,227,4031,0,0,1839,278,0,83,0,1262,0,0,0,320,0,0,1322,23,0,3105,0,764,7,100,0,127,0,0,0,0,0,0,0,0,4328,0,0
2014,39,0,0,6,0,71,1006,167,0,33,4451,0,0,836,234,0,128,0,1191,0,0,0,320,0,0,1758,62,0,3734,0,882,14,0,242,241,0,0,0,0,0,0,0,0,3536,0,0
2014,40,0,0,6,0,0,0,157,0,15,4286,0,0,1368,225,0,121,0,916,0,0,0,320,0,0,2262,56,0,4409,0,1107,29,0,178,282,0,0,0,0,0,0,0,0,3663,0,0
2014,41,0,0,7,0,0,0,195,0,18,4434,0,0,1484,230,0,156,0,715,0,0,0,320,0,0,2280,71,0,4752,0,919,9,54,286,199,0,0,0,0,0,0,0,0,3726,0,0
2014,42,0,0,8,0,0,0,244,0,0,4310,0,0,1406,198,0,142,0,665,0,0,0,320,0,0,2176,104,0,4223,0,826,2,0,88,222,0,0,0,0,0,0,0,0,3725,0,0
2014,43,10,0,14,0,0,0,178,0,0,4000,83,0,1480,232,0,135,0,554,0,0,0,320,0,0,1685,10,0,3483,0,1004,14,0,189,214,0,0,0,16,4,74,0,0,4177,116,0
2014,44,0,0,15,0,0,0,139,0,0,4432,0,0,1333,189,0,101,0,390,0,0,0,320,0,0,1947,20,0,3750,0,1037,7,12,368,361,0,0,0,0,0,0,0,0,0,0,0
2014,45,0,0,7,0,0,0,135,0,0,4550,0,0,1117,219,0,113,0,399,0,0,0,320,0,0,1626,125,0,2759,0,1029,22,0,332,129,0,0,0,0,0,0,0,0,0,0,0
2014,46,0,0,12,0,0,0,89,0,0,4937,0,0,1399,252,0,104,0,342,0,0,0,320,0,0,1770,31,0,2323,0,701,16,32,5,472,0,0,0,0,0,0,0,0,0,0,0
2014,47,0,0,12,72,0,0,111,0,0,4641,0,0,948,226,0,93,0,245,0,0,456,320,0,0,1589,10,0,2661,0,643,28,81,323,229,0,0,0,0,0,0,0,0,0,0,0
2014,48,0,0,24,0,0,0,86,0,0,4599,0,0,1000,203,0,93,0,207,0,0,0,320,0,0,1117,20,0,1637,0,593,8,128,0,369,0,0,0,0,0,0,0,0,0,0,0
2014,49,0,0,4,0,0,0,83,0,0,3454,0,0,1513,227,0,79,0,207,0,0,0,320,0,0,961,21,0,1066,0,2559,7,102,345,32,0,0,0,0,0,0,0,0,0,0,0
2014,50,0,0,28,0,0,0,72,0,0,1725,0,0,1353,178,0,69,0,200,0,0,0,320,0,0,742,14,0,951,0,438,95,134,348,74,0,0,0,0,0,0,0,0,0,0,0
2014,51,0,0,6,0,0,0,63,0,0,850,0,0,1109,139,0,155,0,39,0,0,0,320,0,0,485,10,0,371,0,286,0,123,0,38,0,0,0,0,0,0,0,0,0,0,0
2014,52,1,0,7,0,7,774,0,0,0,226,19,0,1078,91,0,37,0,111,0,0,0,320,0,0,0,12,0,359,9,290,0,0,115,159,0,10,0,0,169,4787,0,0,12509,24,0
2015,1,0,0,0,0,0,0,59,0,112,15181,0,0,0,110,0,77,0,181,0,0,0,0,0,0,963,0,0,755,0,628,0,386,294,0,0,0,0,0,0,0,0,0,0,0,0
2015,2,0,0,36,0,0,0,65,0,118,23275,0,0,5379,105,0,86,0,654,0,0,15,0,0,0,946,0,12,934,0,0,0,230,411,0,0,0,0,0,0,0,0,0,0,0,0
2015,3,0,0,5,0,0,0,78,0,153,29184,0,0,2129,74,0,62,0,322,0,0,0,0,0,0,751,0,0,920,0,0,0,355,178,0,0,0,64,0,0,0,0,0,0,0,0
2015,4,0,0,37,0,0,0,49,0,237,37411,0,0,2263,79,0,74,0,0,0,0,0,745,0,0,672,0,0,1788,0,2338,0,254,325,87,0,0,0,0,0,0,0,0,0,0,0
2015,5,0,0,123,0,0,0,38,0,261,38354,0,0,1948,45,0,96,0,728,0,0,0,365,0,0,701,0,0,0,0,347,0,1096,228,0,0,0,0,0,0,0,0,0,0,0,0
2015,6,0,0,49,0,0,0,60,0,239,46537,0,0,2408,56,0,86,666,0,0,0,0,108,0,0,779,0,0,1049,0,0,0,575,196,54,0,0,0,0,0,0,0,0,0,0,0
2015,7,0,0,75,0,0,0,50,0,415,58484,0,0,2249,46,0,86,0,152,0,0,0,0,0,0,679,10,0,1117,0,1587,25,1519,584,44,0,0,0,0,0,0,0,0,0,0,0
2015,8,0,0,189,0,0,0,57,0,444,77911,0,0,2219,53,0,102,0,177,0,0,0,0,0,0,865,0,0,1120,0,431,26,0,0,0,0,0,0,0,0,0,0,0,0,0,0
2015,9,0,0,0,0,0,0,57,0,550,90675,0,0,2074,49,0,106,1145,187,731,0,0,400,0,0,677,0,0,1076,0,364,0,4319,348,81,0,0,0,0,0,0,0,0,0,0,0
2015,10,0,0,185,0,0,0,64,0,762,98996,0,0,1922,46,0,83,685,139,120,0,0,170,0,0,669,0,0,912,0,0,0,2449,444,43,0,0,0,0,0,0,0,0,0,0,0
2015,11,0,0,389,0,1,0,50,0,1196,91456,0,0,1897,31,0,138,566,173,0,0,0,35,0,0,656,0,0,1377,0,811,0,1759,689,0,0,0,0,0,0,0,0,0,0,0,0
2015,12,0,0,0,0,0,0,37,0,1184,86366,0,0,2044,32,0,6,1025,27,0,0,0,136,0,0,346,0,0,477,0,51,0,247,135,105,0,0,0,0,0,0,0,0,0,0,0
2015,13,0,0,142,0,0,0,49,0,1748,102775,0,0,2255,32,0,129,1120,202,0,0,0,175,0,0,1015,0,0,1474,0,302,2,2188,1404,0,0,0,0,0,0,0,0,0,0,0,0
2015,14,0,0,198,0,0,0,44,0,1771,93571,0,0,2022,51,0,89,1342,234,0,0,0,87,0,0,1068,0,0,1929,0,510,0,0,1111,45,0,0,0,0,0,0,0,0,0,0,0
2015,15,0,0,27,0,0,0,68,0,1992,92628,0,0,1665,35,0,91,0,223,0,0,0,263,0,0,1182,0,0,441,0,245,0,4084,0,0,0,0,0,0,0,0,0,0,0,0,0
2015,16,0,0,160,0,0,0,49,0,2009,90525,0,0,1851,43,0,114,3894,188,0,0,0,0,0,0,1282,6,0,1492,0,472,22,0,1207,7,0,0,0,0,0,0,0,0,0,0,0
2015,17,0,0,0,0,0,0,82,0,1876,79749,0,0,2024,55,0,92,0,301,0,0,0,426,0,0,1416,0,0,1603,0,281,10,4782,1405,17,0,0,0,0,0,0,0,0,0,0,0
2015,18,0,0,357,0,0,0,60,0,1588,64643,0,0,1644,51,0,138,0,316,0,0,0,273,0,0,1441,0,0,1895,0,0,6,142,1155,23,0,0,0,0,0,0,0,0,0,0,0
2015,19,3,8,0,0,0,0,51,0,1487,51323,0,0,1941,54,0,106,0,371,0,0,0,0,0,0,1635,1,0,2213,0,0,23,0,1319,0,0,0,0,0,0,0,0,0,0,0,0
2015,20,0,0,165,0,0,0,52,0,991,39772,0,0,1823,78,0,125,0,444,0,0,0,393,0,0,1758,0,0,2231,0,1409,1,4018,1108,76,0,0,0,0,0,0,0,0,0,0,0
2015,21,0,0,58,0,0,0,45,0,685,31433,0,0,817,143,0,112,0,515,0,0,0,0,0,0,0,0,0,2790,0,476,12,0,0,39,0,0,0,0,0,0,0,0,0,0,0
2015,22,0,0,31,0,0,0,60,0,817,27474,0,0,2493,126,0,130,0,586,0,0,0,1019,0,0,3112,0,0,2975,0,566,24,4502,0,24,0,0,0,0,0,0,0,0,0,0,0
2015,23,0,0,36,0,0,0,88,0,519,23001,18,0,1594,141,0,123,0,578,0,0,0,659,0,0,1726,0,0,3624,0,0,54,1445,2716,38,0,1,0,0,0,0,0,0,0,0,0
2015,24,0,0,42,0,0,0,96,0,326,0,0,0,4376,178,0,164,0,722,0,0,0,0,0,0,1788,0,0,3851,0,0,52,0,218,19,0,0,0,0,0,0,0,0,0,0,0
2015,25,0,0,8,0,0,0,106,0,232,12617,0,0,0,262,0,122,0,1197,0,0,0,1474,0,0,1503,0,0,4358,0,1980,51,0,929,25,0,0,0,0,0,0,0,0,0,0,0
2015,26,0,0,31,0,0,0,71,0,116,10521,0,0,1878,237,0,211,0,741,0,0,0,541,0,0,1537,6,0,4979,0,973,47,0,0,0,0,0,0,0,0,0,0,0,0,0,0
2015,27,0,2,19,0,0,0,93,0,100,9271,0,0,1603,241,0,200,25240,1503,0,0,0,0,0,0,1268,0,0,5384,0,947,0,0,1267,57,0,0,0,0,0,0,0,0,0,0,0
2015,28,0,0,27,0,0,0,144,0,94,8710,0,0,1544,290,0,257,2429,786,0,0,0,0,0,0,1207,0,0,6005,0,794,25,0,504,19,0,0,0,0,0,0,0,0,584,0,0
2015,29,0,0,51,0,4,0,144,0,99,0,0,0,1296,283,0,271,760,1659,0,0,0,470,0,0,1024,0,0,6420,0,0,21,0,0,24,0,0,0,0,0,0,0,0,667,0,0
2015,30,0,0,0,0,0,0,144,0,72,6794,0,0,1508,367,0,299,542,1660,0,0,0,727,0,0,906,0,0,7019,0,2436,14,0,128,32,0,0,0,0,0,0,0,0,0,0,0
2015,31,0,0,39,0,0,0,130,0,78,6640,15,0,673,398,0,334,0,460,0,0,0,620,0,0,915,0,0,7062,0,1224,39,0,290,40,0,0,0,0,0,0,0,0,0,75,0
2015,32,0,0,13,0,0,0,116,0,63,5685,0,0,275,423,0,381,0,1664,0,0,0,864,0,0,775,4,0,7437,0,1410,0,254,0,0,0,0,0,0,0,0,0,0,0,0,0
2015,33,0,0,26,0,0,0,138,0,60,4996,0,0,1250,429,0,336,67,834,0,0,0,0,0,0,667,0,0,7608,0,0,43,0,154,73,0,0,0,0,0,0,0,0,0,0,0
2015,34,0,0,126,0,0,0,152,0,81,5150,0,0,1351,461,0,364,233,1928,0,0,0,1067,0,0,554,0,0,7569,0,3053,0,403,0,30,0,0,0,0,0,0,0,0,0,0,0
2015,35,0,0,66,0,0,0,136,0,69,5326,0,0,1300,426,0,488,0,1927,0,0,0,0,0,0,423,0,0,8241,0,911,164,0,332,0,0,0,0,0,0,0,0,0,0,0,0
2015,36,0,0,40,0,0,0,159,0,101,5471,0,0,1433,438,0,558,0,1109,0,0,0,0,0,0,368,0,0,5541,0,0,20,0,98,91,0,0,0,0,0,0,0,0,0,0,0
2015,37,0,0,22,0,0,0,119,0,98,5260,0,0,1849,518,0,480,0,1851,0,0,0,0,0,0,346,0,0,7745,0,0,0,0,175,0,0,0,0,0,0,0,0,0,0,0,0
2015,38,0,0,25,0,0,0,147,0,149,0,0,0,1757,537,0,805,1582,1477,0,0,0,0,0,0,293,17,0,7819,0,2306,0,299,160,112,0,0,0,0,0,0,0,0,0,0,0
2015,39,0,0,32,0,0,0,149,0,156,5603,0,0,1490,554,0,885,102,1936,0,0,0,0,0,0,291,0,0,7814,0,817,30,0,158,48,0,0,0,0,0,0,0,0,0,0,0
2015,40,0,0,27,0,0,0,111,0,183,5822,0,0,5831,596,0,698,63,1676,0,0,0,1841,0,0,345,0,0,7867,0,0,0,0,115,57,0,0,0,0,0,0,0,0,0,0,0
2015,41,0,0,0,0,0,0,131,0,219,6483,0,0,0,694,0,1115,218,1672,0,0,0,209,0,0,324,0,0,7655,0,0,0,38,173,37,0,0,0,0,0,0,0,0,0,0,0
2015,42,0,0,54,0,0,0,165,0,208,6898,0,0,0,843,0,1108,85,1593,0,0,0,198,0,0,439,0,0,6969,0,0,0,5959,172,33,0,0,0,0,0,0,0,0,0,0,0
2015,43,0,0,32,0,0,0,111,0,209,9076,0,0,2150,886,0,863,141,1154,0,0,0,252,0,0,468,0,0,5967,0,5880,0,0,147,31,0,0,0,0,0,0,0,0,0,0,0
2015,44,0,0,52,0,0,0,107,0,280,11000,0,0,1911,992,0,913,1,1718,0,0,0,0,0,0,487,0,0,6108,0,1170,210,0,7,30,0,0,0,0,0,0,0,0,0,0,0
2015,45,0,0,55,0,0,0,130,0,292,11737,0,0,2274,999,0,802,60,1198,0,0,0,308,0,0,493,0,0,3842,0,1274,0,0,0,0,0,0,0,0,0,0,0,0,0,0,0
2015,46,0,0,33,0,0,0,167,0,449,13384,0,0,0,926,0,721,72,0,0,0,0,169,0,0,499,7,0,4691,0,2974,0,0,42,70,0,0,0,0,0,0,0,0,0,0,0
2015,47,0,0,68,0,0,0,117,0,279,0,0,0,4014,890,0,587,69,917,0,0,0,61,0,0,451,5,0,3386,0,937,0,1105,0,42,0,0,0,0,0,0,0,0,0,0,0
2015,48,0,0,28,0,0,0,106,0,397,19269,0,0,2056,919,0,443,132,681,1660,0,166,0,0,0,504,0,177,2538,0,836,0,0,555,96,420,0,1387,0,0,0,0,0,0,0,0
2015,49,0,0,80,0,0,0,118,0,464,15948,0,0,716,811,0,505,82,483,0,0,0,0,0,0,654,18,0,1486,0,0,0,9354,0,0,0,0,0,0,0,0,0,0,0,0,0
2015,50,0,0,73,0,0,0,68,0,404,7610,0,0,3701,626,0,319,27,365,0,0,0,0,0,0,478,0,0,989,0,0,0,0,273,0,0,0,0,0,0,0,0,0,0,0,0
2015,51,0,0,208,0,0,191,62,0,490,0,0,33,0,462,0,536,138,365,0,0,0,2060,0,61,518,0,0,766,0,3385,864,17932,0,43,0,0,0,0,9,1637,0,13,23809,0,0
2015,52,0,0,0,0,0,0,0,0,0,0,0,0,0,0,0,0,0,0,0,0,0,0,0,0,0,0,0,0,0,0,0,0,0,0,0,0,0,0,0,0,0,0,0,0,0
2016,1,0,0,111,0,0,0,132,0,0,35939,0,0,1601,786,0,350,0,361,0,0,0,135,0,0,790,0,0,1316,0,881,0,0,393,0,0,0,0,0,0,0,0,17,2120,0,0
2016,2,0,0,282,0,0,0,117,0,0,42668,0,0,2283,790,0,386,0,371,0,0,0,116,0,0,765,3,0,1285,0,862,34,0,260,0,0,0,0,0,0,0,0,13,1979,0,0
2016,3,0,0,885,0,0,0,109,0,0,48121,0,0,2358,779,0,369,0,303,530,0,0,231,0,0,786,52,0,1317,0,966,59,0,526,0,0,0,0,0,0,0,0,17,1757,0,0
2016,4,0,0,1777,0,0,0,106,0,0,55440,0,0,2272,677,0,373,0,288,0,0,0,183,0,0,567,61,0,1268,0,904,20,203,495,0,0,0,0,0,0,0,0,30,1589,0,0
2016,5,0,0,3020,0,0,0,81,0,0,64559,0,0,1376,513,0,279,0,237,0,0,0,237,0,0,571,66,0,1585,0,634,29,1420,839,0,0,0,0,0,0,0,0,31,1275,0,0
2016,6,0,0,2773,0,0,0,79,0,0,80625,0,0,3164,459,0,311,0,175,0,0,0,0,0,0,497,40,0,1907,0,644,23,714,921,0,0,0,0,0,0,0,0,170,1393,0,0
2016,7,5,0,2674,0,0,0,86,0,0,81292,0,0,1742,371,0,216,0,180,0,9,0,87,0,0,424,49,0,1730,0,529,0,80,822,0,0,0,0,0,0,0,0,373,1209,0,0
2016,8,0,0,2067,0,0,0,94,0,0,79594,0,0,1750,287,0,183,0,171,0,0,0,0,0,0,547,34,0,1599,0,517,17,107,870,0,0,0,0,0,0,0,0,256,1000,0,0
2016,9,0,0,3563,0,0,0,100,0,0,76473,0,0,1892,226,0,168,0,198,0,0,0,0,0,0,480,14,0,1524,0,0,17,12820,843,0,0,0,0,0,0,0,0,185,727,0,0
2016,10,0,0,2758,0,0,0,141,0,0,71285,0,0,1585,190,0,151,0,153,0,0,0,0,0,0,0,0,0,1402,0,0,0,378,769,0,47,0,0,0,0,0,0,84,617,0,0
2016,11,0,0,386,0,0,0,95,0,0,62990,0,0,1717,160,0,113,0,146,0,6,0,672,0,0,673,0,249,499,0,1636,53,9129,674,0,442,0,0,57,0,0,0,0,327,0,0
2016,12,0,0,3543,0,0,0,89,0,0,66247,0,0,1772,158,0,169,0,201,0,0,0,0,0,0,405,108,0,899,0,732,0,2563,673,0,0,0,0,0,0,0,0,0,534,0,0
2016,13,0,0,3786,0,0,0,82,0,0,63073,0,0,1717,133,0,162,0,209,85,0,0,85,0,0,589,0,0,952,0,1080,31,165,407,0,0,0,0,0,0,0,0,124,177,0,0
2016,14,0,0,381,0,0,0,81,0,0,55194,0,0,1381,151,0,131,0,0,0,0,0,72,0,0,0,0,0,894,0,0,0,1388,879,0,0,0,0,0,0,0,0,0,390,0,0
2016,15,0,7,1413,0,0,0,79,1,0,44635,0,0,1458,139,0,139,0,437,0,0,107,95,0,0,1139,61,61,940,0,1791,0,2789,999,0,0,0,209,0,0,0,0,0,496,0,0
2016,16,0,0,1405,0,0,0,56,0,0,37794,0,0,1460,144,0,449,0,254,0,0,0,0,0,0,584,0,0,1083,0,0,0,2643,906,0,0,0,0,0,0,0,0,0,413,0,0
2016,17,0,0,983,0,0,0,58,0,0,28551,0,0,1256,175,0,96,0,308,0,0,0,0,0,0,0,0,0,0,0,0,113,505,0,0,0,0,0,0,0,0,0,0,430,0,0
2016,18,0,0,1165,0,0,0,40,0,0,21182,0,0,1771,187,0,79,2895,200,0,0,0,0,0,0,1346,0,0,902,0,0,0,7704,1130,0,0,0,0,0,0,0,0,0,396,0,0
2016,19,0,5,1308,0,13,860,72,1,0,17157,7,0,1305,248,0,124,0,280,0,83,0,279,0,0,754,118,61,980,2,5244,62,3369,0,0,0,0,0,38,0,0,0,0,456,0,0
2016,20,0,0,0,0,12,0,46,0,0,11995,0,0,1509,290,0,93,0,232,0,0,0,220,0,0,0,0,0,1079,0,1582,0,2111,864,0,0,0,0,0,0,0,0,0,518,0,0
2016,21,0,0,233,0,0,0,73,0,1292,10050,0,0,1782,330,0,105,0,228,0,0,0,170,0,0,1447,118,0,1066,0,0,44,115,704,0,0,0,0,0,0,0,0,0,483,0,0
2016,22,0,0,58,0,0,0,79,0,0,7899,0,0,2662,393,0,151,0,188,0,0,0,229,0,0,0,0,0,1489,0,0,0,978,214,0,0,0,0,0,0,0,0,0,440,0,0
2016,23,3,6,230,43,0,0,44,0,0,6394,8,0,2480,469,0,156,0,181,0,0,0,0,0,0,1405,0,0,1287,2,6492,0,421,457,0,0,5,0,0,0,135,0,0,598,0,0
2016,24,0,0,176,0,0,0,100,0,0,5103,0,0,2635,517,0,158,0,151,0,0,0,508,0,0,0,0,0,1326,0,2195,36,454,407,0,0,0,0,0,0,0,0,0,528,0,0
2016,25,0,0,301,0,0,0,66,0,0,4515,0,0,2068,576,0,138,0,129,0,0,0,0,0,0,1288,0,0,1509,0,0,0,319,0,0,0,0,0,0,0,0,0,0,497,0,0
2016,26,0,0,220,0,0,0,70,0,1754,3909,0,0,2403,581,0,100,0,129,0,0,0,491,0,0,564,139,0,1464,0,8502,9,1011,0,0,0,0,0,0,4,0,0,0,445,0,0
2016,27,2,16,0,0,24,0,90,0,0,3467,0,0,2233,685,0,131,0,119,0,0,0,0,0,0,507,364,0,1854,0,0,0,2089,206,0,0,0,0,53,0,0,0,0,459,0,0
2016,28,0,0,0,43,738,0,77,0,0,2970,0,0,1752,720,0,75,0,103,0,0,0,414,0,0,0,0,0,1750,0,0,0,147,54,0,0,0,0,0,0,0,0,0,405,0,0
2016,29,0,0,63,0,0,0,104,0,130,2580,0,0,1626,770,0,75,132,0,0,0,0,250,0,0,854,0,33,2429,0,11564,1277,0,0,0,0,0,0,0,0,0,0,0,400,0,0
2016,30,0,0,0,0,0,0,57,0,30,2379,0,0,1223,795,0,52,226,210,0,0,0,0,0,0,386,0,0,3136,0,3262,105,295,66,0,0,0,0,0,0,0,0,0,18,0,0
2016,31,5,0,0,0,0,0,131,0,37,2277,0,0,1169,690,0,65,0,99,0,0,0,487,0,0,384,0,0,4015,0,2717,0,7190,0,0,0,3,0,0,0,184,0,0,313,0,0
2016,32,0,0,64,0,0,0,151,0,0,2348,0,0,1666,751,0,69,0,114,0,0,0,643,0,0,394,216,0,3951,0,0,0,3365,16,0,0,0,0,0,0,0,0,0,346,0,0
2016,33,0,0,31,0,0,0,155,0,0,2059,0,3,3591,809,0,38,0,116,0,0,0,0,0,0,0,0,0,4809,0,3165,317,1017,0,0,0,0,0,0,0,0,0,0,258,0,0
2016,34,0,0,53,0,0,0,140,0,0,1813,0,0,0,730,0,61,0,86,1405,0,0,687,0,0,0,0,0,4971,0,0,108,160,35,0,0,0,0,0,0,0,0,0,254,0,0
2016,35,0,0,10,0,0,26,169,0,1390,1732,56,0,1215,623,0,46,0,92,0,0,0,287,0,0,927,0,0,4903,0,4860,131,99,142,0,0,7,0,0,0,0,0,0,238,0,0
2016,36,0,0,0,0,0,0,154,0,0,1898,0,0,103,492,0,38,0,113,0,0,0,0,0,0,214,0,0,4053,0,1298,0,166,16,0,0,0,0,0,0,0,0,0,245,0,0
2016,37,0,0,40,0,0,0,107,0,17,1959,0,3,1383,551,0,45,0,575,0,0,0,358,0,0,286,0,0,5172,0,1098,187,488,0,0,0,0,0,0,0,0,0,0,234,0,0
2016,38,0,0,0,122,0,0,125,0,0,1836,0,0,986,530,0,45,0,0,0,0,47,0,0,0,0,0,0,4630,0,0,123,87,169,0,0,0,0,0,0,0,0,0,0,0,0
2016,39,0,0,258,0,0,92,130,0,124,2005,0,0,1111,444,0,53,0,133,0,0,0,470,0,0,465,0,0,5026,0,3408,192,81,0,0,0,0,0,0,0,0,0,0,217,3,0
2016,40,0,0,94,25,0,0,91,0,0,2156,0,0,791,390,0,47,0,148,0,0,0,134,0,0,310,0,0,4372,0,0,0,622,67,0,0,0,0,0,0,0,0,0,191,0,0
2016,41,0,0,52,0,0,0,96,0,140,2696,0,0,0,418,0,39,0,144,0,0,0,0,0,0,837,247,0,4669,0,2735,293,128,498,0,0,0,0,0,0,0,0,0,222,0,0
2016,42,0,0,0,0,0,0,76,0,77,2635,0,0,993,406,0,46,67,150,0,0,0,0,0,0,0,0,0,3955,0,1340,159,0,27,0,0,0,0,0,0,0,0,0,270,0,0
2016,43,15,60,193,0,0,0,53,0,86,2037,37,0,889,397,0,48,80,104,0,0,0,488,0,0,195,0,0,3568,12,1178,157,19,58,0,0,0,0,81,0,0,0,0,266,0,0
2016,44,0,0,0,0,0,0,59,0,228,461,0,0,0,368,0,36,0,151,0,0,0,138,0,0,171,0,0,3802,0,1450,258,0,271,0,0,0,0,0,0,0,0,0,217,0,0
2016,45,0,0,0,0,0,0,47,0,194,0,0,0,373,382,0,0,0,66,0,0,0,109,0,0,161,0,0,3071,0,1426,92,0,0,0,0,103,0,0,0,1058,0,0,0,0,0
2016,46,0,0,0,0,0,0,32,0,2121,0,0,0,987,358,0,101,0,85,0,0,0,63,0,0,142,0,0,1354,0,1307,493,153,100,0,0,0,0,0,0,0,0,0,218,0,0
2016,47,0,0,0,0,0,0,50,0,0,0,0,0,926,295,0,50,0,73,0,0,0,0,0,0,139,400,0,1860,9,1165,193,10,236,0,0,0,0,0,0,149,0,0,176,0,0
2016,48,0,0,643,0,0,0,55,0,306,18826,0,0,646,317,0,54,58,63,0,0,0,0,0,0,176,0,0,854,0,1016,223,159,0,0,0,0,0,0,0,0,0,0,181,0,0
2016,49,0,0,0,0,0,0,54,0,341,0,0,0,935,273,0,52,63,47,0,0,0,0,0,0,139,0,0,609,0,1192,310,3,318,0,0,0,0,0,0,0,0,0,154,0,0
2016,50,0,0,990,0,0,0,43,0,340,7767,0,0,912,211,0,20,50,0,0,0,0,0,0,0,116,0,0,426,0,800,157,0,80,0,0,0,0,0,0,0,0,0,118,0,0
2016,51,18,6,219,348,0,26,43,0,240,4104,4,0,0,185,0,21,0,99,0,0,0,263,0,0,120,0,0,455,0,575,606,0,114,0,0,0,0,0,0,0,0,0,0,0,0
2016,52,0,0,0,0,0,0,0,0,0,0,0,0,0,0,0,0,0,0,0,0,0,0,0,0,0,0,0,0,0,0,0,0,0,0,0,0,0,0,0,0,0,0,0,0,0
2017,1,0,0,0,0,0,0,92,0,259,4061,0,0,753,167,0,25,0,65,0,0,0,32,0,0,110,2,0,496,0,957,66,20,319,0,0,0,6,0,0,0,0,0,151,0,0
2017,2,0,0,4,0,0,0,76,0,299,4797,0,0,737,121,0,18,0,77,0,0,8,60,0,0,129,1,0,590,0,951,33,11,331,0,2,0,19,0,0,0,0,0,206,0,0
2017,3,0,0,4,0,0,0,96,0,279,5907,0,0,783,94,0,14,0,0,0,0,7,22,0,0,101,4,15,547,0,1107,41,19,281,0,0,0,0,0,0,0,0,0,164,0,0
2017,4,0,0,11,0,0,0,98,0,354,6757,0,0,642,84,0,9,0,20,0,0,0,31,0,0,114,4,0,396,0,994,37,29,412,0,0,0,0,0,0,0,0,0,151,0,0
2017,5,0,0,4,0,0,0,84,0,338,6116,0,0,581,73,0,13,0,290,0,0,0,46,0,0,98,0,0,403,0,1133,0,0,446,0,6,0,10,0,0,0,0,0,195,0,0
2017,6,0,0,9,0,0,0,145,0,362,7013,0,0,507,71,0,25,0,66,0,0,0,76,0,0,114,3,11,479,0,1139,15,0,639,0,0,0,6,0,0,0,0,0,202,0,0
2017,7,0,0,6,175,0,0,146,0,406,7014,0,0,397,58,0,13,0,58,0,0,0,78,0,0,82,4,6,563,0,1100,26,59,366,0,0,0,4,0,0,0,0,0,177,0,0
2017,8,0,0,13,0,0,0,122,0,404,5334,0,0,438,54,0,11,0,63,0,0,0,33,0,0,90,0,7,460,0,1187,31,32,598,0,0,0,4,0,0,0,0,0,137,0,0
2017,9,0,0,12,0,0,0,104,0,476,7635,0,0,376,66,0,19,0,94,0,0,0,51,0,0,76,0,6,601,0,1110,38,7,855,0,0,0,2,0,0,0,0,0,202,0,0
2017,10,11,0,2,0,0,0,96,0,551,7885,0,0,328,53,0,22,0,76,0,0,0,3,0,0,92,1,0,578,0,1089,17,16,825,0,0,0,0,0,0,0,0,0,192,0,0
2017,11,2,0,26,0,0,39,100,0,525,7676,0,0,382,62,0,13,0,71,0,0,0,44,0,0,75,0,0,492,0,1132,6,0,1069,0,0,0,0,0,0,0,0,0,181,0,0
2017,12,0,0,0,0,0,0,80,0,492,7625,0,0,293,63,0,25,0,83,0,0,0,133,0,0,106,3,0,620,0,1188,6,6,1613,0,1,0,6,0,0,0,0,0,181,0,0
2017,13,0,0,0,0,0,0,69,0,574,8043,0,0,367,59,0,31,0,57,0,0,30,0,0,0,93,1,0,602,0,1140,0,0,1563,0,0,0,0,0,0,0,0,0,129,0,0
2017,14,0,0,51,0,0,0,44,0,513,7820,0,0,294,57,0,14,0,73,0,0,0,38,0,0,158,1,7,354,0,816,924,0,1805,0,5,0,2,0,0,10,0,0,79,0,0
2017,15,0,0,22,0,0,0,48,0,386,8393,1,0,331,48,0,19,0,75,0,0,0,69,0,0,17,4,0,431,0,1250,23,7,2587,0,0,0,0,0,0,0,0,0,123,0,0
2017,16,0,0,53,0,0,0,41,0,267,8772,0,0,326,46,0,16,0,50,0,0,0,78,0,0,92,2,10,613,0,1195,77,318,2503,0,4,0,0,0,0,0,0,0,137,0,0
2017,17,0,0,16,0,0,0,28,0,216,7291,0,0,226,56,0,19,0,74,0,0,0,79,0,0,132,0,0,444,0,1244,0,0,2861,0,0,0,6,0,0,0,0,0,128,0,0
2017,18,0,0,14,0,0,0,41,0,200,7089,0,0,500,82,0,4,0,54,0,0,0,0,0,0,110,7,0,491,0,1262,44,194,4229,0,0,0,2,0,0,0,0,0,162,0,0
2017,19,0,0,25,0,4,47,45,0,167,6855,0,0,380,88,0,38,0,82,0,0,0,117,0,0,115,0,3,624,0,1438,0,259,8764,0,4,0,12,0,0,0,0,0,156,0,0
2017,20,0,0,0,0,0,0,50,0,113,5934,0,0,356,114,0,44,0,92,0,0,0,63,0,0,144,0,0,744,0,1491,3,111,5678,0,0,0,5,0,0,0,0,0,150,0,0
2017,21,0,0,21,0,0,0,46,0,50,5625,0,0,382,141,0,43,0,140,0,0,20,86,0,0,133,6,0,816,0,1449,18,127,3269,0,0,0,0,0,0,0,0,0,169,0,0
2017,22,0,0,0,0,0,0,42,0,65,5239,0,0,261,159,0,26,0,143,0,0,0,110,0,0,180,0,0,977,0,1702,74,36,2723,0,0,0,11,0,0,0,0,0,188,0,0
2017,23,0,0,3,502,0,0,53,0,72,4072,5,0,189,145,0,27,0,133,0,0,0,71,0,0,208,2,0,1138,0,1690,0,57,1682,0,0,0,10,1,0,0,0,0,210,0,0
2017,24,0,0,0,0,0,0,52,0,56,3829,0,0,0,190,0,30,0,105,0,0,0,87,0,0,215,8,5,1169,0,1855,85,12,691,0,4,0,7,0,0,35,0,0,190,0,0
2017,25,0,0,0,26,0,0,56,0,47,3557,0,0,826,205,0,36,0,101,290,0,18,54,0,0,225,0,4,1236,0,1913,0,4,170,0,5,0,3,0,0,0,0,0,154,0,0
2017,26,0,0,0,0,0,0,76,0,45,2560,0,0,452,192,0,29,0,59,0,0,0,0,0,0,160,2,0,1213,0,1619,436,9,0,0,0,0,22,0,0,0,0,0,133,0,0
2017,27,3,0,4,0,0,41,66,0,42,2263,11,0,357,230,0,36,0,71,0,0,0,214,0,0,158,0,0,1026,0,1562,0,0,625,0,0,5,5,0,0,0,0,0,159,0,0
2017,28,0,0,0,0,0,0,58,0,39,1874,0,0,270,204,0,41,0,50,0,0,0,0,0,0,132,1,0,1109,0,1491,0,26,1227,0,0,0,12,0,0,0,0,0,178,0,0
2017,29,0,0,1,0,0,0,58,0,56,1853,0,0,356,193,0,28,0,58,0,0,372,0,0,0,104,3,0,1129,0,1731,141,0,0,0,2,0,0,0,0,0,0,0,150,0,0
2017,30,0,0,0,0,0,0,71,0,40,1736,0,0,246,209,0,16,0,58,0,0,0,410,0,0,87,2,8,1001,0,1704,111,0,370,0,5,0,0,0,0,0,0,0,133,0,0
2017,31,0,0,6,0,0,0,50,0,52,1623,0,0,95,169,0,45,0,62,0,0,0,0,0,0,117,0,0,1293,0,1654,110,1,0,0,0,0,0,0,0,0,0,0,176,0,0
2017,32,0,0,0,0,0,0,54,0,38,1614,0,0,236,156,0,13,0,86,0,0,0,219,0,0,97,0,0,1535,0,1522,136,7,0,0,3,0,0,0,0,0,0,0,210,0,0
2017,33,0,0,0,0,0,0,76,0,57,1522,0,0,391,171,0,40,0,63,0,0,0,0,0,0,123,0,0,1763,0,1356,182,0,29,0,0,0,0,0,0,0,0,0,225,0,0
2017,34,0,0,0,0,0,0,44,0,50,1635,0,0,201,146,0,20,0,99,0,0,0,0,0,0,105,3,0,2545,0,1276,60,15,128,0,0,0,0,0,0,107,0,0,202,0,0
2017,35,1,0,0,0,10,103,55,0,52,1131,0,0,309,152,0,17,0,83,0,0,0,79,0,0,102,0,0,3288,0,1217,136,22,312,0,0,0,0,0,0,0,0,0,228,0,0
2017,36,0,0,0,0,0,0,56,0,55,1478,0,0,378,117,0,38,0,63,170,0,0,200,0,0,76,0,0,3354,0,907,88,6,297,0,0,0,0,0,0,0,0,0,226,0,0
2017,37,0,0,0,0,0,0,32,0,38,1372,0,0,414,117,0,11,0,129,0,0,0,92,0,0,68,0,0,2662,0,893,78,33,0,0,0,0,0,0,0,0,0,0,261,0,0
2017,38,0,0,0,0,0,0,39,0,26,1452,0,0,463,92,0,48,0,86,0,0,0,0,0,0,55,0,0,3724,0,959,168,0,231,0,0,0,0,0,0,0,0,0,178,0,0
2017,39,3,0,0,0,0,47,25,0,36,1427,0,0,0,98,0,57,0,79,0,0,0,124,0,0,55,0,10,3606,0,889,0,64,179,0,0,0,0,0,0,0,0,0,214,0,0
2017,40,0,0,0,0,0,0,21,0,30,1319,0,0,830,91,0,49,0,116,0,0,0,184,0,0,81,0,11,4147,0,1067,124,0,83,0,0,0,0,0,0,0,0,0,151,0,0
2017,41,0,0,0,0,0,0,35,0,42,1867,0,0,0,103,0,39,20,117,0,0,0,0,0,0,117,0,5,4191,0,1160,179,25,0,0,0,0,0,0,0,0,0,0,190,0,0
2017,42,0,0,0,0,0,0,17,0,46,1679,0,0,380,116,0,31,0,117,0,0,0,0,0,0,48,0,0,3864,0,1205,153,37,287,0,0,0,0,0,0,0,0,0,177,0,0
2017,43,0,0,0,0,0,0,28,0,27,1359,0,0,341,88,0,27,0,89,0,0,0,116,0,0,55,0,0,3793,0,1094,129,30,106,0,4,0,0,0,0,0,0,0,159,0,0
2017,44,0,0,1,0,0,0,39,0,73,1909,0,0,344,79,0,18,0,111,0,0,0,0,0,0,69,0,0,3889,0,1195,166,11,170,0,8,0,0,0,0,0,0,0,139,0,0
2017,45,0,0,1,0,0,0,23,0,55,1935,0,0,468,65,0,24,0,81,0,0,84,100,0,0,0,0,5,4019,0,1085,106,26,251,0,0,0,0,0,0,0,0,0,146,0,0
2017,46,0,0,0,0,0,0,19,0,68,2155,0,0,345,63,0,31,0,52,0,0,0,0,0,0,0,0,0,2216,0,979,112,16,335,0,0,0,0,0,0,0,0,0,143,0,0
2017,47,0,0,1,0,0,0,17,0,65,2386,8,0,474,45,0,26,0,52,0,0,0,134,0,0,127,0,0,2155,0,746,99,0,332,0,0,0,0,0,0,0,0,0,155,0,0
2017,48,0,0,0,0,0,0,13,0,71,2650,0,0,334,25,0,34,0,60,0,0,0,82,0,0,31,0,0,1138,0,622,146,49,265,0,0,0,0,0,0,0,0,0,124,0,0
2017,49,0,0,2,1065,0,0,13,0,66,3103,0,0,379,28,0,26,0,52,0,0,0,0,0,0,43,0,0,528,0,764,160,0,185,0,0,0,0,0,0,94,0,0,121,0,0
2017,50,0,0,1,0,0,0,6,0,65,3221,0,0,417,24,0,3,0,49,0,0,0,0,0,0,47,0,0,291,0,565,196,15,197,0,0,0,0,0,0,0,0,0,92,0,0
2017,51,0,0,1,0,0,140,13,0,43,2522,0,0,330,12,0,15,0,49,0,0,0,0,0,0,41,0,0,225,0,359,0,0,0,0,0,0,0,0,0,0,0,0,81,0,0
2017,52,0,0,0,0,0,0,0,0,0,0,0,0,0,0,0,0,0,0,0,0,0,0,0,0,0,0,0,0,0,0,0,0,0,0,0,0,0,0,0,0,0,0,0,0,0
